{
  "lang":"en",
  "name":"pipeline",
  "version":"0.0.0",
  "spacy_version":">=3.4.0,<3.5.0",
  "description":"",
  "author":"",
  "email":"",
  "url":"",
  "license":"",
  "spacy_git_version":"d583626a8",
  "vectors":{
    "width":0,
    "vectors":0,
    "keys":0,
    "name":null,
    "mode":"default"
  },
  "labels":{
    "tok2vec":[

    ],
    "ner":[
      "ACE2",
      "C17orf49",
      "CCR5",
      "CD4",
      "CD8",
      "CDX1",
      "CXCR4",
      "JAK3",
      "MHC",
      "NMI",
      "ORF6",
      "ORF8",
      "PIAS",
      "PPP1R10",
      "PSMB7",
      "RUNX1",
      "SRY",
      "USF1",
      "glycoprotein",
      "importin"
    ]
  },
  "pipeline":[
    "tok2vec",
    "ner"
  ],
  "components":[
    "tok2vec",
    "ner"
  ],
  "disabled":[

  ],
  "performance":{
    "ents_f":0.4237560193,
    "ents_p":0.4861878453,
    "ents_r":0.3755334282,
    "ents_per_type":{
      "JAK3":{
        "p":0.3714285714,
        "r":0.2653061224,
        "f":0.3095238095
      },
      "MHC":{
        "p":0.425,
        "r":0.1770833333,
        "f":0.25
      },
      "CD4":{
        "p":0.5132743363,
        "r":0.5178571429,
        "f":0.5155555556
      },
      "CCR5":{
        "p":0.488372093,
        "r":0.5526315789,
        "f":0.5185185185
      },
      "CXCR4":{
        "p":0.5348837209,
        "r":0.4,
        "f":0.4577114428
      },
      "CD8":{
        "p":0.4736842105,
        "r":0.3417721519,
        "f":0.3970588235
      },
      "ACE2":{
        "p":0.5555555556,
        "r":0.4081632653,
        "f":0.4705882353
      },
      "importin":{
        "p":0.5,
        "r":0.0833333333,
        "f":0.1428571429
      },
      "SRY":{
        "p":0.3333333333,
        "r":0.2105263158,
        "f":0.2580645161
      },
      "USF1":{
        "p":1.0,
        "r":0.3333333333,
        "f":0.5
      },
      "glycoprotein":{
        "p":0.8,
        "r":0.3636363636,
        "f":0.5
      },
      "RUNX1":{
        "p":0.44,
        "r":0.3055555556,
        "f":0.3606557377
      },
      "PIAS":{
        "p":0.4,
        "r":0.5,
        "f":0.4444444444
      },
      "CDX1":{
        "p":0.5,
        "r":0.25,
        "f":0.3333333333
      },
      "NMI":{
        "p":0.5,
        "r":0.3846153846,
        "f":0.4347826087
      },
      "ORF6":{
        "p":0.5,
        "r":0.5,
        "f":0.5
      }
    },
    "tok2vec_loss":1135.7882659809,
    "ner_loss":406.9508933966
  }
}