{
  "lang":"en",
  "name":"pipeline",
  "version":"0.0.0",
  "spacy_version":">=3.4.0,<3.5.0",
  "description":"",
  "author":"",
  "email":"",
  "url":"",
  "license":"",
  "spacy_git_version":"d583626a8",
  "vectors":{
    "width":0,
    "vectors":0,
    "keys":0,
    "name":null,
    "mode":"default"
  },
  "labels":{
    "tok2vec":[

    ],
    "ner":[
      "ACE2",
      "C17orf49",
      "CCR5",
      "CD4",
      "CD8",
      "CDX1",
      "CXCR4",
      "JAK3",
      "MHC",
      "NMI",
      "ORF6",
      "ORF8",
      "PIAS",
      "PPP1R10",
      "PSMB7",
      "RUNX1",
      "SRY",
      "USF1",
      "glycoprotein",
      "importin"
    ]
  },
  "pipeline":[
    "tok2vec",
    "ner"
  ],
  "components":[
    "tok2vec",
    "ner"
  ],
  "disabled":[

  ],
  "performance":{
    "ents_f":0.4703583062,
    "ents_p":0.4338942308,
    "ents_r":0.5135135135,
    "ents_per_type":{
      "MHC":{
        "p":0.3783783784,
        "r":0.2916666667,
        "f":0.3294117647
      },
      "CD4":{
        "p":0.4375,
        "r":0.6875,
        "f":0.5347222222
      },
      "PIAS":{
        "p":0.3888888889,
        "r":0.5833333333,
        "f":0.4666666667
      },
      "CCR5":{
        "p":0.4146341463,
        "r":0.6710526316,
        "f":0.5125628141
      },
      "JAK3":{
        "p":0.2631578947,
        "r":0.306122449,
        "f":0.2830188679
      },
      "SRY":{
        "p":0.4615384615,
        "r":0.3157894737,
        "f":0.375
      },
      "CXCR4":{
        "p":0.4841269841,
        "r":0.5304347826,
        "f":0.5062240664
      },
      "NMI":{
        "p":0.5833333333,
        "r":0.5384615385,
        "f":0.56
      },
      "CD8":{
        "p":0.4947368421,
        "r":0.5949367089,
        "f":0.5402298851
      },
      "ACE2":{
        "p":0.5434782609,
        "r":0.5102040816,
        "f":0.5263157895
      },
      "importin":{
        "p":0.21875,
        "r":0.5833333333,
        "f":0.3181818182
      },
      "USF1":{
        "p":0.5,
        "r":0.8333333333,
        "f":0.625
      },
      "RUNX1":{
        "p":0.4736842105,
        "r":0.25,
        "f":0.3272727273
      },
      "glycoprotein":{
        "p":1.0,
        "r":0.3636363636,
        "f":0.5333333333
      },
      "CDX1":{
        "p":0.5,
        "r":0.75,
        "f":0.6
      },
      "ORF6":{
        "p":0.6666666667,
        "r":1.0,
        "f":0.8
      }
    },
    "tok2vec_loss":707.5506013871,
    "ner_loss":491.5011819036
  }
}